Vacation year,2019
Employee Email,Employee Password
user1@rbt.rs,Abc!@#$
user2@rbt.rs,Abc!@#$
user3@rbt.rs,Abc!@#$
user4@rbt.rs,Abc!@#$
user5@rbt.rs,Abc!@#$
user6@rbt.rs,Abc!@#$
user7@rbt.rs,Abc!@#$
user8@rbt.rs,Abc!@#$
user9@rbt.rs,Abc!@#$
user10@rbt.rs,Abc!@#$
user11@rbt.rs,Bcd!@#$
user12@rbt.rs,Bcd!@#$
user13@rbt.rs,Bcd!@#$
user14@rbt.rs,Bcd!@#$
user15@rbt.rs,Bcd!@#$
user16@rbt.rs,Bcd!@#$
user17@rbt.rs,Bcd!@#$
user18@rbt.rs,Bcd!@#$
user19@rbt.rs,Bcd!@#$
user20@rbt.rs,Bcd!@#$
user21@rbt.rs,Abc$#@!
user22@rbt.rs,Abc$#@!
user23@rbt.rs,Abc$#@!
user24@rbt.rs,Abc$#@!
user25@rbt.rs,Abc$#@!
user26@rbt.rs,Abc$#@!
user27@rbt.rs,Abc$#@!
user28@rbt.rs,Abc$#@!
user29@rbt.rs,Abc$#@!
user30@rbt.rs,Abcd@#$
user31@rbt.rs,Abcd@#$
user32@rbt.rs,Abcd@#$
user33@rbt.rs,Abcd@#$
user34@rbt.rs,Abcd@#$
user35@rbt.rs,Abcd@#$
user36@rbt.rs,Abcd@#$
user37@rbt.rs,Abcd@#$
user38@rbt.rs,Abcd@#$
user39@rbt.rs,Abcd@#$
user40@rbt.rs,Ak01@#$
user41@rbt.rs,Ak01@#$
user42@rbt.rs,Ak01@#$
user43@rbt.rs,Ak01@#$
user44@rbt.rs,Ak01@#$
user45@rbt.rs,Ak01@#$
user46@rbt.rs,Ak01@#$
user47@rbt.rs,Ak01@#$
user48@rbt.rs,Ak01@#$
user49@rbt.rs,Ak01@#$
user50@rbt.rs,Abc!@#$
user51@rbt.rs,Bcd!@#$
user52@rbt.rs,Bcd!@#$
user53@rbt.rs,Bcd!@#$
user54@rbt.rs,Bcd!@#$
user55@rbt.rs,Bcd!@#$
user56@rbt.rs,Bcd!@#$
user57@rbt.rs,Bcd!@#$
user58@rbt.rs,Bcd!@#$
user59@rbt.rs,Bcd!@#$
user60@rbt.rs,Bcd!@#$
user61@rbt.rs,Abc$#@!
user62@rbt.rs,Abc$#@!
user63@rbt.rs,Abc$#@!
user64@rbt.rs,Abc$#@!
user65@rbt.rs,Abc$#@!
user66@rbt.rs,Abc$#@!
user67@rbt.rs,Abc$#@!
user68@rbt.rs,Abc$#@!
user69@rbt.rs,Abc$#@!
user70@rbt.rs,Abcd@#$
user71@rbt.rs,Abcd@#$
user72@rbt.rs,Abcd@#$
user73@rbt.rs,Abcd@#$
user74@rbt.rs,Abcd@#$
user75@rbt.rs,Abcd@#$
user76@rbt.rs,Abcd@#$
user77@rbt.rs,Abcd@#$
user78@rbt.rs,Abcd@#$
user79@rbt.rs,Abcd@#$
user80@rbt.rs,Ak01@#$
user81@rbt.rs,Ak01@#$
user82@rbt.rs,Ak01@#$
user83@rbt.rs,Ak01@#$
user84@rbt.rs,Ak01@#$
user85@rbt.rs,Ak01@#$
user86@rbt.rs,Ak01@#$
user87@rbt.rs,Ak01@#$
user88@rbt.rs,Ak01@#$
user89@rbt.rs,Ak01@#$
user90@rbt.rs,Abc!@#$
user91@rbt.rs,Bcd!@#$
user92@rbt.rs,Bcd!@#$
user93@rbt.rs,Bcd!@#$
user94@rbt.rs,Bcd!@#$
user95@rbt.rs,Bcd!@#$
user96@rbt.rs,Bcd!@#$
user97@rbt.rs,Bcd!@#$
user98@rbt.rs,Bcd!@#$
user99@rbt.rs,Bcd!@#$